"Server","Проект / сервис","Владелец","Чат / группа (reddy)"
"sc-lux1-slots-prod-mongo-1","","server deleted",""
"sc-lux1-slots-prod-mongo-2","","server deleted",""
"sc-lux1-slots-prod-mongo-3","","server deleted",""
"sc-lux1-slots-prod-slots-mongo-1","Slots","нет инфо!","Mancala (ex XSLOT) админство slots-*"
"sc-lux1-slots-prod-slots-mongo-2","Slots","нет инфо!","Mancala (ex XSLOT) админство slots-*"
"sc-lux1-slots-prod-slots-mongo-3","Slots","нет инфо!","Mancala (ex XSLOT) админство slots-*"
"sc-lux1-slots-prod-two-mongo-1","","server deleted",""
"sc-lux1-slots-prod-two-mongo-2","","server deleted",""
"sc-lux1-slots-prod-two-mongo-3","","server deleted",""
"sc-lux1-slots-prod-three-mongo-1","Slots","нет инфо!","Mancala (ex XSLOT) админство slots-*"
"sc-lux1-slots-prod-three-mongo-2","Slots","нет инфо!","Mancala (ex XSLOT) админство slots-*"
"sc-lux1-slots-prod-three-mongo-3","Slots","нет инфо!","Mancala (ex XSLOT) админство slots-*"
"sc-lux1-slots-prod-cluster-mongo-backup1","Slots","нет инфо!","Mancala (ex XSLOT) админство slots-*"
"sc-lux1-slots-prod-cluster-mongo-mongos4","Slots","нет инфо!","Mancala (ex XSLOT) админство slots-*"
"sc-lux1-slots-prod-cluster-mongo-mongos5","Slots","нет инфо!","Mancala (ex XSLOT) админство slots-*"
"sc-lux1-slots-prod-cluster-mongo-mongos6","Slots","нет инфо!","Mancala (ex XSLOT) админство slots-*"
"sc-lux1-slots-prod-cluster-mongo-cfg1","Slots","нет инфо!","slots shard mongodb (временный)"
"sc-lux1-slots-prod-cluster-mongo-cfg2","Slots","нет инфо!","slots shard mongodb (временный)"
"sc-lux1-slots-prod-cluster-mongo-cfg3","Slots","нет инфо!","slots shard mongodb (временный)"
"sc-lux1-slots-prod-cluster-mongo-mongos1","Slots","нет инфо!","slots shard mongodb (временный)"
"sc-lux1-slots-prod-cluster-mongo-mongos2","Slots","нет инфо!","slots shard mongodb (временный)"
"sc-lux1-slots-prod-cluster-mongo-mongos3","Slots","нет инфо!","slots shard mongodb (временный)"
"sc-lux1-slots-prod-cluster-mongo-pmm1","Slots","нет инфо!","slots shard mongodb (временный)"
"sc-lux1-slots-prod-cluster-mongo-shard1n1","Slots","нет инфо!","slots shard mongodb (временный)"
"sc-lux1-slots-prod-cluster-mongo-shard1n2","Slots","нет инфо!","slots shard mongodb (временный)"
"sc-lux1-slots-prod-cluster-mongo-shard1n3","Slots","нет инфо!","slots shard mongodb (временный)"
"sc-lux1-slots-prod-cluster-mongo-shard2n1","Slots","нет инфо!","slots shard mongodb (временный)"
"sc-lux1-slots-prod-cluster-mongo-shard2n2","Slots","нет инфо!","slots shard mongodb (временный)"
"sc-lux1-slots-prod-cluster-mongo-shard2n3","Slots","нет инфо!","slots shard mongodb (временный)"
"sc-lux1-slots-prod-cluster-mongo-shard3n1","Slots","нет инфо!","slots shard mongodb (временный)"
"sc-lux1-slots-prod-cluster-mongo-shard3n2","Slots","нет инфо!","slots shard mongodb (временный)"
"sc-lux1-slots-prod-cluster-mongo-shard3n3","Slots","нет инфо!","slots shard mongodb (временный)"
"sc-lux1-slots-dev-mongo-1","Slots","нет инфо!","Mancala (ex XSLOT) админство slots-*"
"sc-lux1-slots-dev-mongo-2","Slots","нет инфо!","Mancala (ex XSLOT) админство slots-*"
"sc-lux1-slots-dev-mongo-3","Slots","нет инфо!","Mancala (ex XSLOT) админство slots-*"
"sc-lux1-slots-test-cluster-mongo-conf1","Slots","нет инфо!","Mancala (ex XSLOT) админство slots-*"
"sc-lux1-slots-test-cluster-mongo-conf2","Slots","нет инфо!","Mancala (ex XSLOT) админство slots-*"
"sc-lux1-slots-test-cluster-mongo-mongos1","Slots","нет инфо!","Mancala (ex XSLOT) админство slots-*"
"sc-lux1-slots-test-cluster-mongo-mongos2","Slots","нет инфо!","Mancala (ex XSLOT) админство slots-*"
"sc-lux1-slots-test-cluster-mongo-shard1n1","Slots","нет инфо!","slots shard mongodb (временный)"
"sc-lux1-slots-test-cluster-mongo-shard1n2","Slots","нет инфо!","slots shard mongodb (временный)"
"sc-lux1-slots-test-cluster-mongo-shard2n1","Slots","нет инфо!","slots shard mongodb (временный)"
"sc-lux1-slots-test-cluster-mongo-shard2n2","Slots","нет инфо!","slots shard mongodb (временный)"
"sc-lux1-slots-test-cluster-mongo-shard3n1","Slots","нет инфо!","slots shard mongodb (временный)"
"sc-lux1-slots-test-cluster-mongo-shard3n2","Slots","нет инфо!","slots shard mongodb (временный)"
"bit-vaultmongo1","","server deleted",""
"bit-vaultmongo2","","server deleted",""
"bit-vaultmongo3","","server deleted",""
"dew-ams-bit-prod-mongo-1","Bit / cpr","нет инфо!","Крипта (админство)"
"dew-ams-bit-prod-mongo-2","Bit / cpr","нет инфо!","Крипта (админство)"
"dew-ams-bit-prod-mongo-3","Bit / cpr","нет инфо!","Крипта (админство)"
"cpr-mongo1","Bit / cpr","нет инфо!","Крипта (админство)"
"cpr-mongo2","Bit / cpr","нет инфо!","Крипта (админство)"
"cpr-mongo3","Bit / cpr","нет инфо!","Крипта (админство)"
"ref-mongo1","Ref","нет инфо!","Вопросы по MongoDB"
"ref-mongo2","Ref","нет инфо!","Вопросы по MongoDB"
"ref-mongo3","Ref","нет инфо!","Вопросы по MongoDB"
"ref-new-mcl1","Ref","нет инфо!","Вопросы по MongoDB"
"ref-new-mcl2","Ref","нет инфо!","Вопросы по MongoDB"
"ref-new-mcl3","Ref","нет инфо!","Вопросы по MongoDB"
"sc-ams1-cons-prod-mongo-1","Consultant","нет инфо!","Consultant / Админство"
"sc-ams1-cons-prod-mongo-2","Consultant","нет инфо!","Consultant / Админство"
"sc-ams1-cons-prod-mongo-3","Consultant","нет инфо!","Consultant / Админство"
"sc-ams1-cons-prod-mongo-ro4","Consultant","нет инфо!","Consultant / Админство"
"sc-ams1-cons-prod-mongo-5","Consultant","нет инфо!","Consultant / Админство"
"sc-ams1-cons-test-feature-mongo-1","Consultant","нет инфо!","Consultant / Админство"
"sc-ams1-cons-test-feature-mongo-2","Consultant","нет инфо!","Consultant / Админство"
"sc-ams1-cons-test-feature-mongo-3","Consultant","нет инфо!","Consultant / Админство"
"sc-ams1-cons-test-mongo-1","Consultant","нет инфо!","Consultant / Админство"
"sc-ams1-cons-test-mongo-2","Consultant","нет инфо!","Consultant / Админство"
"sc-ams1-cons-test-mongo-3","Consultant","нет инфо!","Consultant / Админство"
"sc-ams1-cons-test-vm-mongo-1","Consultant","нет инфо!","Consultant / Админство"
"sc-ams1-cons-test-vm-mongo-2","Consultant","нет инфо!","Consultant / Админство"
"sc-ams1-cons-test-vm-mongo-3","Consultant","нет инфо!","Consultant / Админство"
"sc-ams2-btmk-prod-mongo-1","MoneyGO / BTMK","нет инфо! Евгений Ковальцов?","MoneyGo, web+admin"
"sc-ams2-btmk-prod-mongo-2","MoneyGO / BTMK","нет инфо! Евгений Ковальцов?","MoneyGo, web+admin"
"sc-ams2-btmk-prod-mongo-3","MoneyGO / BTMK","нет инфо! Евгений Ковальцов?","MoneyGo, web+admin"
"sc-ams2-btmk-dev-mongo-1","MoneyGO / BTMK","нет инфо! Евгений Ковальцов?","MoneyGo, web+admin"
"sc-ams2-btmk-dev-mongo-2","MoneyGO / BTMK","нет инфо! Евгений Ковальцов?","MoneyGo, web+admin"
"sc-ams2-btmk-dev-mongo-3","MoneyGO / BTMK","нет инфо! Евгений Ковальцов?","MoneyGo, web+admin"
"sc-ams2-mgo-prod-notification-mongo-1","MoneyGO / BTMK","нет инфо!","MoneyGo, web+admin"
"sc-ams2-mgo-prod-notification-mongo-2","MoneyGO / BTMK","нет инфо!","MoneyGo, web+admin"
"sc-ams2-mgo-prod-notification-mongo-3","MoneyGO / BTMK","нет инфо!","MoneyGo, web+admin"
"sc-ams2-mgo-stage-mongo-1","MoneyGO / BTMK","нет инфо!","MoneyGo, web+admin"
"sc-ams2-mgo-stage-mongo-2","MoneyGO / BTMK","нет инфо!","MoneyGo, web+admin"
"sc-ams2-mgo-stage-mongo-3","MoneyGO / BTMK","нет инфо!","MoneyGo, web+admin"
"ams-mongophp1","PHP","нет инфо!  Евгений Юркин?","Админство веб-проектов"
"ams-mongophp2","PHP","нет инфо!  Евгений Юркин?","Админство веб-проектов"
"ams-mongophp3","PHP","нет инфо!  Евгений Юркин?","Админство веб-проектов"
"ams-mongophp4","PHP","нет инфо!  Евгений Юркин?","Админство веб-проектов"
"ams-mongophp5","PHP","нет инфо!  Евгений Юркин?","Админство веб-проектов"
"ams-mongophp6","PHP","нет инфо!  Евгений Юркин?","Админство веб-проектов"
"ams-mongophp7","PHP","нет инфо!  Евгений Юркин?","Админство веб-проектов"
"ams-mongophp8","PHP","нет инфо!  Евгений Юркин?","Админство веб-проектов"
"sc-ams99-x-prod-mweb-mongo-1","PHP","нет инфо!  Евгений Юркин?","Админство веб-проектов"
"sc-ams99-x-prod-mweb-mongo-2","PHP","нет инфо!  Евгений Юркин?","Админство веб-проектов"
"sc-ams99-x-prod-mweb-mongo-3","PHP","нет инфо!  Евгений Юркин?","Админство веб-проектов"
"sc-lux99-x-test-mweb-mongo-1","PHP","нет инфо!  Евгений Юркин?","Админство веб-проектов"
"sc-lux99-x-test-mweb-mongo-2","PHP","нет инфо!  Евгений Юркин?","Админство веб-проектов"
"sc-lux99-x-test-mweb-mongo-3","PHP","нет инфо!  Евгений Юркин?","Админство веб-проектов"
"sc-lux99-x-test-web-mongo-1","PHP","нет инфо!  Евгений Юркин?","Админство веб-проектов"
"sc-lux99-x-test-web-mongo-2","PHP","нет инфо!  Евгений Юркин?","Админство веб-проектов"
"sc-lux99-x-test-web-mongo-3","PHP","нет инфо!  Евгений Юркин?","Админство веб-проектов"
"ams-mtransport1","Транспортный кластер.
Используется для парсеров, прокачки в Obelis и не только","Общий Betting
Евгений Трегубенко/Кирилл Водинский/Дмитрий Поздняков","Вопросы по MongoDB"
"ams-mtransport2","Транспортный кластер.
Используется для парсеров, прокачки в Obelis и не только","Общий Betting
Евгений Трегубенко/Кирилл Водинский/Дмитрий Поздняков","Вопросы по MongoDB"
"ams-mtransport3","Транспортный кластер.
Используется для парсеров, прокачки в Obelis и не только","Общий Betting
Евгений Трегубенко/Кирилл Водинский/Дмитрий Поздняков","Вопросы по MongoDB"
"ams-mtransport4","Транспортный кластер.
Используется для парсеров, прокачки в Obelis и не только","Общий Betting
Евгений Трегубенко/Кирилл Водинский/Дмитрий Поздняков","Вопросы по MongoDB"
"ams-mtransport5","Транспортный кластер.
Используется для парсеров, прокачки в Obelis и не только","Общий Betting
Евгений Трегубенко/Кирилл Водинский/Дмитрий Поздняков","Вопросы по MongoDB"
"ams-m4test1","Общий тестовый кластер","Кирилл Водинский/Дмитрий Поздняков","Вопросы по MongoDB"
"ams-m4test2","Общий тестовый кластер","Кирилл Водинский/Дмитрий Поздняков","Вопросы по MongoDB"
"ams-m4test3","Общий тестовый кластер","Кирилл Водинский/Дмитрий Поздняков","Вопросы по MongoDB"
"sc-lux99-x-test-mtest-mongo-1","Feeds Stage","Дмитрий Щербаков","Фиды - Админство"
"sc-lux99-x-test-mtest-mongo-2","Feeds Stage","Дмитрий Щербаков","Фиды - Админство"
"sc-lux99-x-test-mtest-mongo-3","Feeds Stage","Дмитрий Щербаков","Фиды - Админство"
"sc-lux99-x-test-mtest-mongo-4","Feeds Stage","Дмитрий Щербаков","Фиды - Админство"
"sc-lux99-x-test-mtest-mongo-5","Feeds Stage","Дмитрий Щербаков","Фиды - Админство"
"sc-ams99-x-prod-msocial-mongo-1","Старые ТГ боты","Селезнев Дмитрий","Вопросы по MongoDB"
"sc-ams99-x-prod-msocial-mongo-2","Старые ТГ боты","Селезнев Дмитрий","Вопросы по MongoDB"
"sc-ams99-x-prod-msocial-mongo-3","Старые ТГ боты","Селезнев Дмитрий","Вопросы по MongoDB"
"ams-mpartners1","Integration / CRM","Суханов Влад / Хохлов Алексей","Вопросы по MongoDB"
"ams-mpartners2","Integration / CRM","Суханов Влад / Хохлов Алексей","Вопросы по MongoDB"
"ams-mpartners3","Integration / CRM","Суханов Влад / Хохлов Алексей","Вопросы по MongoDB"
"ams-mwuf1","LiveRisk","Кудрин Илья","Live: Работы на mongo"
"ams-mwuf2","LiveRisk","Кудрин Илья","Live: Работы на mongo"
"ams-mwuf3","LiveRisk","Кудрин Илья","Live: Работы на mongo"
"ams-mwuf4","LiveRisk","Кудрин Илья","Live: Работы на mongo"
"ams-mwuf5","LiveRisk","Кудрин Илья","Live: Работы на mongo"
"sc-ams99-x-prod-wufarchive-mongo-1","LiveRisk","Кудрин Илья","Live: Работы на mongo"
"sc-ams99-x-prod-wufarchive-mongo-2","LiveRisk","Кудрин Илья","Live: Работы на mongo"
"sc-ams99-x-prod-wufarchive-mongo-3","LiveRisk","Кудрин Илья","Live: Работы на mongo"
"sc-ams99-x-prod-live-mongo-1","LiveRisk","Кирилл Водинский","Live: Работы на mongo"
"sc-ams99-x-prod-live-mongo-2","LiveRisk","Кирилл Водинский","Live: Работы на mongo"
"sc-ams99-x-prod-live-mongo-3","LiveRisk","Кирилл Водинский","Live: Работы на mongo"
"sc-ams99-x-prod-live-mongo-4","LiveRisk","Кирилл Водинский","Live: Работы на mongo"
"sc-ams99-x-prod-live-mongo-5","LiveRisk","Кирилл Водинский","Live: Работы на mongo"
"sc-ams99-x-prod-livearchive-mongo-1","LiveRisk Архив","Кирилл Водинский","Live: Работы на mongo"
"sc-ams99-x-prod-livearchive-mongo-2","LiveRisk Архив","Кирилл Водинский","Live: Работы на mongo"
"sc-ams99-x-prod-livearchive-mongo-3","LiveRisk Архив","Кирилл Водинский","Live: Работы на mongo"
"sc-lux99-x-test-mlive-mongo-1","live","нет инфо!","Live: Работы на mongo"
"sc-lux99-x-test-mlive-mongo-2","live","нет инфо!","Live: Работы на mongo"
"sc-lux99-x-test-mlive-mongo-3","live","нет инфо!","Live: Работы на mongo"
"sc-ams99-x-prod-mqueue-mongo-1","live","нет инфо!","Live: Работы на mongo"
"sc-ams99-x-prod-mqueue-mongo-2","live","нет инфо!","Live: Работы на mongo"
"sc-ams99-x-prod-mqueue-mongo-3","live","нет инфо!","Live: Работы на mongo"
"ams-mtestlms1","live","нет инфо!","Live: Работы на mongo"
"ams-mtestlms2","live","нет инфо!","Live: Работы на mongo"
"sc-ams99-x-prod-notifi-mongo-1","Мобильные уведомления","Кирилл Водинский","Вопросы по MongoDB"
"sc-ams99-x-prod-notifi-mongo-2","Мобильные уведомления","Кирилл Водинский","Вопросы по MongoDB"
"sc-ams99-x-prod-notifi-mongo-3","Мобильные уведомления","Кирилл Водинский","Вопросы по MongoDB"
"sc-lux99-x-test-notifi-mongo-1","Мобильные уведомления","Кирилл Водинский","Вопросы по MongoDB"
"sc-lux99-x-test-notifi-mongo-2","Мобильные уведомления","Кирилл Водинский","Вопросы по MongoDB"
"sc-lux99-x-test-notifi-mongo-3","Мобильные уведомления","Кирилл Водинский","Вопросы по MongoDB"
"ams-mline1","Линия","Дмитрий Поздняков","Вопросы по MongoDB"
"ams-mline2","Линия","Дмитрий Поздняков","Вопросы по MongoDB"
"ams-mline3","Линия","Дмитрий Поздняков","Вопросы по MongoDB"
"ams-mline4","Линия","Дмитрий Поздняков","Вопросы по MongoDB"
"ams-mline5","Линия","Дмитрий Поздняков","Вопросы по MongoDB"
"ams-mline6","Линия","Дмитрий Поздняков","Вопросы по MongoDB"
"ams-mlinehist1","Линия Архив","Дмитрий Поздняков","Вопросы по MongoDB"
"ams-mlinehist2","Линия Архив","Дмитрий Поздняков","Вопросы по MongoDB"
"ams-mlinehist3","Линия Архив","Дмитрий Поздняков","Вопросы по MongoDB"
"sc-lux99-x-test-mline-mongo-1","Линия","Дмитрий Поздняков","Вопросы по MongoDB"
"sc-lux99-x-test-mline-mongo-2","Линия","Дмитрий Поздняков","Вопросы по MongoDB"
"sc-lux99-x-test-mline-mongo-3","Линия","Дмитрий Поздняков","Вопросы по MongoDB"
"sc-ams99-x-prod-mcrm-mongo-1","crm/prm/xrm","Игорь Крузе","CRM + PRM. Админство /   CRM.MongoDb"
"sc-ams99-x-prod-mcrm-mongo-2","crm/prm/xrm","Игорь Крузе","CRM + PRM. Админство /   CRM.MongoDb"
"sc-ams99-x-prod-mcrm-mongo-3","crm/prm/xrm","Игорь Крузе","CRM + PRM. Админство /   CRM.MongoDb"
"sc-ams99-crm-prod-bonusdrive-mongo-1","crm/prm/xrm","Игорь Крузе","CRM + PRM. Админство /   CRM.MongoDb"
"sc-ams99-crm-prod-bonusdrive-mongo-2","crm/prm/xrm","Игорь Крузе","CRM + PRM. Админство /   CRM.MongoDb"
"sc-ams99-crm-prod-bonusdrive-mongo-3","crm/prm/xrm","Игорь Крузе","CRM + PRM. Админство /   CRM.MongoDb"
"sc-ams99-crm-prod-bonuspromotions-mongo-1","crm/prm/xrm","Игорь Крузе","CRM + PRM. Админство /   CRM.MongoDb"
"sc-ams99-crm-prod-bonuspromotions-mongo-2","crm/prm/xrm","Игорь Крузе","CRM + PRM. Админство /   CRM.MongoDb"
"sc-ams99-crm-prod-bonuspromotions-mongo-3","crm/prm/xrm","Игорь Крузе","CRM + PRM. Админство /   CRM.MongoDb"
"sc-ams99-crm-prod-freespins-mongo-1","crm/prm/xrm","Игорь Крузе","CRM + PRM. Админство /   CRM.MongoDb"
"sc-ams99-crm-prod-freespins-mongo-2","crm/prm/xrm","Игорь Крузе","CRM + PRM. Админство /   CRM.MongoDb"
"sc-ams99-crm-prod-freespins-mongo-3","crm/prm/xrm","Игорь Крузе","CRM + PRM. Админство /   CRM.MongoDb"
"sc-ams99-crm-prod-marketingpromo-mongo-1","crm/prm/xrm","Игорь Крузе","CRM + PRM. Админство /   CRM.MongoDb"
"sc-ams99-crm-prod-marketingpromo-mongo-2","crm/prm/xrm","Игорь Крузе","CRM + PRM. Админство /   CRM.MongoDb"
"sc-ams99-crm-prod-marketingpromo-mongo-3","crm/prm/xrm","Игорь Крузе","CRM + PRM. Админство /   CRM.MongoDb"
"sc-ams99-crm-prod-mcrm-mongo-1","crm/prm/xrm","Игорь Крузе","CRM + PRM. Админство /   CRM.MongoDb"
"sc-ams99-crm-prod-mcrm-mongo-2","crm/prm/xrm","Игорь Крузе","CRM + PRM. Админство /   CRM.MongoDb"
"sc-ams99-crm-prod-mcrm-mongo-3","crm/prm/xrm","Игорь Крузе","CRM + PRM. Админство /   CRM.MongoDb"
"sc-ams99-crm-prod-promocodescasino-mongo-1","crm/prm/xrm","Игорь Крузе","CRM + PRM. Админство /   CRM.MongoDb"
"sc-ams99-crm-prod-promocodescasino-mongo-2","crm/prm/xrm","Игорь Крузе","CRM + PRM. Админство /   CRM.MongoDb"
"sc-ams99-crm-prod-promocodescasino-mongo-3","crm/prm/xrm","Игорь Крузе","CRM + PRM. Админство /   CRM.MongoDb"
"sc-ams99-crm-prod-tournaments-mongo-1","crm/prm/xrm","Игорь Крузе","CRM + PRM. Админство /   CRM.MongoDb"
"sc-ams99-crm-prod-tournaments-mongo-2","crm/prm/xrm","Игорь Крузе","CRM + PRM. Админство /   CRM.MongoDb"
"sc-ams99-crm-prod-tournaments-mongo-3","crm/prm/xrm","Игорь Крузе","CRM + PRM. Админство /   CRM.MongoDb"
"sc-ams99-x-prod-crmcj-mongo-1","crm/prm/xrm","Игорь Крузе","CRM + PRM. Админство /   CRM.MongoDb"
"sc-ams99-x-prod-crmcj-mongo-2","crm/prm/xrm","Игорь Крузе","CRM + PRM. Админство /   CRM.MongoDb"
"sc-ams99-x-prod-crmcj-mongo-3","crm/prm/xrm","Игорь Крузе","CRM + PRM. Админство /   CRM.MongoDb"
"sc-ams99-x-prod-mcrm-mongo-1","crm/prm/xrm","Игорь Крузе","CRM + PRM. Админство /   CRM.MongoDb"
"sc-ams99-x-prod-mcrm-mongo-2","crm/prm/xrm","Игорь Крузе","CRM + PRM. Админство /   CRM.MongoDb"
"sc-ams99-x-prod-mcrm-mongo-3","crm/prm/xrm","Игорь Крузе","CRM + PRM. Админство /   CRM.MongoDb"
"sc-ams99-x-prod-mcrmcl2-mongo-1","crm/prm/xrm","Игорь Крузе","CRM + PRM. Админство /   CRM.MongoDb"
"sc-ams99-x-prod-mcrmcl2-mongo-2","crm/prm/xrm","Игорь Крузе","CRM + PRM. Админство /   CRM.MongoDb"
"sc-ams99-x-prod-mcrmcl2-mongo-3","crm/prm/xrm","Игорь Крузе","CRM + PRM. Админство /   CRM.MongoDb"
"sc-ams99-x-prod-mcrmcl2-mongo-4","crm/prm/xrm","Игорь Крузе","CRM + PRM. Админство /   CRM.MongoDb"
"sc-ams99-x-prod-mcrmcl3-mongo-1","crm/prm/xrm","Игорь Крузе","CRM + PRM. Админство /   CRM.MongoDb"
"sc-ams99-x-prod-mcrmcl3-mongo-2","crm/prm/xrm","Игорь Крузе","CRM + PRM. Админство /   CRM.MongoDb"
"sc-ams99-x-prod-mcrmcl3-mongo-3","crm/prm/xrm","Игорь Крузе","CRM + PRM. Админство /   CRM.MongoDb"
"sc-ams99-x-prod-mcrmcl4-mongo-1","crm/prm/xrm","Игорь Крузе","CRM + PRM. Админство /   CRM.MongoDb"
"sc-ams99-x-prod-mcrmcl4-mongo-2","crm/prm/xrm","Игорь Крузе","CRM + PRM. Админство /   CRM.MongoDb"
"sc-ams99-x-prod-mcrmcl4-mongo-3","crm/prm/xrm","Игорь Крузе","CRM + PRM. Админство /   CRM.MongoDb"
"sc-ams99-x-prod-mcrmcl5-mongo-1","crm/prm/xrm","Игорь Крузе","CRM + PRM. Админство /   CRM.MongoDb"
"sc-ams99-x-prod-mcrmcl5-mongo-2","crm/prm/xrm","Игорь Крузе","CRM + PRM. Админство /   CRM.MongoDb"
"sc-ams99-x-prod-mcrmcl5-mongo-3","crm/prm/xrm","Игорь Крузе","CRM + PRM. Админство /   CRM.MongoDb"
"sc-ams99-x-prod-mprm-mongo-1","crm/prm/xrm","Игорь Крузе","CRM + PRM. Админство /   CRM.MongoDb"
"sc-ams99-x-prod-mprm-mongo-2","crm/prm/xrm","Игорь Крузе","CRM + PRM. Админство /   CRM.MongoDb"
"sc-ams99-x-prod-mprm-mongo-3","crm/prm/xrm","Игорь Крузе","CRM + PRM. Админство /   CRM.MongoDb"
"sc-ams99-xmr-stage-players-mongo-1","crm/prm/xrm","Игорь Крузе","CRM + PRM. Админство /   CRM.MongoDb"
"sc-ams99-xmr-stage-players-mongo-2","crm/prm/xrm","Игорь Крузе","CRM + PRM. Админство /   CRM.MongoDb"
"sc-ams99-xmr-stage-players-mongo-3","crm/prm/xrm","Игорь Крузе","CRM + PRM. Админство /   CRM.MongoDb"
"sc-ams99-xrm-prod-b2b-mongo-1","crm/prm/xrm","Игорь Крузе","CRM + PRM. Админство /   CRM.MongoDb"
"sc-ams99-xrm-prod-b2b-mongo-2","crm/prm/xrm","Игорь Крузе","CRM + PRM. Админство /   CRM.MongoDb"
"sc-ams99-xrm-prod-b2b-mongo-3","crm/prm/xrm","Игорь Крузе","CRM + PRM. Админство /   CRM.MongoDb"
"sc-ams99-xrm-prod-local-mongo-1","crm/prm/xrm","Игорь Крузе","CRM + PRM. Админство /   CRM.MongoDb"
"sc-ams99-xrm-prod-local-mongo-2","crm/prm/xrm","Игорь Крузе","CRM + PRM. Админство /   CRM.MongoDb"
"sc-ams99-xrm-prod-local-mongo-3","crm/prm/xrm","Игорь Крузе","CRM + PRM. Админство /   CRM.MongoDb"
"sc-ams99-xrm-prod-obe-mongo-1","crm/prm/xrm","Игорь Крузе","CRM + PRM. Админство /   CRM.MongoDb"
"sc-ams99-xrm-prod-obe-mongo-2","crm/prm/xrm","Игорь Крузе","CRM + PRM. Админство /   CRM.MongoDb"
"sc-ams99-xrm-prod-obe-mongo-3","crm/prm/xrm","Игорь Крузе","CRM + PRM. Админство /   CRM.MongoDb"
"sc-ams99-xrm-prod-sls-mongo-1","crm/prm/xrm","Игорь Крузе","CRM + PRM. Админство /   CRM.MongoDb"
"sc-ams99-xrm-prod-sls-mongo-2","crm/prm/xrm","Игорь Крузе","CRM + PRM. Админство /   CRM.MongoDb"
"sc-ams99-xrm-prod-sls-mongo-3","crm/prm/xrm","Игорь Крузе","CRM + PRM. Админство /   CRM.MongoDb"
"sc-ams99-xrm-prod-software-mongo-1","crm/prm/xrm","Игорь Крузе","CRM + PRM. Админство /   CRM.MongoDb"
"sc-ams99-xrm-prod-software-mongo-2","crm/prm/xrm","Игорь Крузе","CRM + PRM. Админство /   CRM.MongoDb"
"sc-ams99-xrm-prod-software-mongo-3","crm/prm/xrm","Игорь Крузе","CRM + PRM. Админство /   CRM.MongoDb"
"sc-ams99-x-stage-crmcl1-mongo-1","crm/prm/xrm","Игорь Крузе","CRM + PRM. Админство /   CRM.MongoDb"
"sc-ams99-x-stage-crmcl1-mongo-2","crm/prm/xrm","Игорь Крузе","CRM + PRM. Админство /   CRM.MongoDb"
"sc-ams99-x-stage-crmcl1-mongo-3","crm/prm/xrm","Игорь Крузе","CRM + PRM. Админство /   CRM.MongoDb"
"sc-ams99-x-stage-crmcl2-mongo-1","crm/prm/xrm","Игорь Крузе","CRM + PRM. Админство /   CRM.MongoDb"
"sc-ams99-x-stage-crmcl2-mongo-2","crm/prm/xrm","Игорь Крузе","CRM + PRM. Админство /   CRM.MongoDb"
"sc-ams99-x-stage-crmcl2-mongo-3","crm/prm/xrm","Игорь Крузе","CRM + PRM. Админство /   CRM.MongoDb"
"sc-ams99-x-stage-crmcl3-mongo-1","crm/prm/xrm","Игорь Крузе","CRM + PRM. Админство /   CRM.MongoDb"
"sc-ams99-x-stage-crmcl3-mongo-2","crm/prm/xrm","Игорь Крузе","CRM + PRM. Админство /   CRM.MongoDb"
"sc-ams99-x-stage-crmcl3-mongo-3","crm/prm/xrm","Игорь Крузе","CRM + PRM. Админство /   CRM.MongoDb"
"sc-ams99-xrm-prod-local-mongo-1","crm/prm/xrm","Игорь Крузе","CRM + PRM. Админство /   CRM.MongoDb"
"sc-ams99-xrm-prod-local-mongo-2","crm/prm/xrm","Игорь Крузе","CRM + PRM. Админство /   CRM.MongoDb"
"sc-ams99-xrm-prod-local-mongo-3","crm/prm/xrm","Игорь Крузе","CRM + PRM. Админство /   CRM.MongoDb"
"sc-ams99-xrm-prod-obe-mongo-1","crm/prm/xrm","Игорь Крузе","CRM + PRM. Админство /   CRM.MongoDb"
"sc-ams99-xrm-prod-obe-mongo-2","crm/prm/xrm","Игорь Крузе","CRM + PRM. Админство /   CRM.MongoDb"
"sc-ams99-xrm-prod-obe-mongo-3","crm/prm/xrm","Игорь Крузе","CRM + PRM. Админство /   CRM.MongoDb"
"sc-lux99-xrm-stage-sls-mongo-1","crm/prm/xrm","Игорь Крузе","CRM + PRM. Админство /   CRM.MongoDb"
"sc-lux99-xrm-stage-sls-mongo-2","crm/prm/xrm","Игорь Крузе","CRM + PRM. Админство /   CRM.MongoDb"
"sc-lux99-xrm-stage-sls-mongo-3","crm/prm/xrm","Игорь Крузе","CRM + PRM. Админство /   CRM.MongoDb"
"sc-lux99-xrm-test-b2b-mongo-1","crm/prm/xrm","Игорь Крузе","CRM + PRM. Админство /   CRM.MongoDb"
"sc-lux99-xrm-test-b2b-mongo-2","crm/prm/xrm","Игорь Крузе","CRM + PRM. Админство /   CRM.MongoDb"
"sc-lux99-xrm-test-b2b-mongo-3","crm/prm/xrm","Игорь Крузе","CRM + PRM. Админство /   CRM.MongoDb"
"sc-lux99-xrm-test-local-mongo-1","crm/prm/xrm","Игорь Крузе","CRM + PRM. Админство /   CRM.MongoDb"
"sc-lux99-xrm-test-local-mongo-2","crm/prm/xrm","Игорь Крузе","CRM + PRM. Админство /   CRM.MongoDb"
"sc-lux99-xrm-test-local-mongo-3","crm/prm/xrm","Игорь Крузе","CRM + PRM. Админство /   CRM.MongoDb"
"sc-lux99-xrm-test-obe-mongo-1","crm/prm/xrm","Игорь Крузе","CRM + PRM. Админство /   CRM.MongoDb"
"sc-lux99-xrm-test-obe-mongo-2","crm/prm/xrm","Игорь Крузе","CRM + PRM. Админство /   CRM.MongoDb"
"sc-lux99-xrm-test-obe-mongo-3","crm/prm/xrm","Игорь Крузе","CRM + PRM. Админство /   CRM.MongoDb"
"sc-lux99-xrm-test-software-mongo-1","crm/prm/xrm","Игорь Крузе","CRM + PRM. Админство /   CRM.MongoDb"
"sc-lux99-xrm-test-software-mongo-2","crm/prm/xrm","Игорь Крузе","CRM + PRM. Админство /   CRM.MongoDb"
"sc-lux99-xrm-test-software-mongo-3","crm/prm/xrm","Игорь Крузе","CRM + PRM. Админство /   CRM.MongoDb"
"sc-lux99-x-test-mcrmcl2-mongo-1","crm/prm/xrm","Игорь Крузе","CRM + PRM. Админство /   CRM.MongoDb"
"sc-lux99-x-test-mcrmcl2-mongo-2","crm/prm/xrm","Игорь Крузе","CRM + PRM. Админство /   CRM.MongoDb"
"sc-lux99-x-test-mcrmcl2-mongo-3","crm/prm/xrm","Игорь Крузе","CRM + PRM. Админство /   CRM.MongoDb"
"sc-lux99-x-test-crm-mongo-1","crm/prm/xrm","Игорь Крузе","CRM + PRM. Админство /   CRM.MongoDb"
"sc-lux99-x-test-crm-mongo-2","crm/prm/xrm","Игорь Крузе","CRM + PRM. Админство /   CRM.MongoDb"
"sc-lux99-x-test-crm-mongo-3","crm/prm/xrm","Игорь Крузе","CRM + PRM. Админство /   CRM.MongoDb"
"sc-lux99-x-test-crmcj-mongo-1","crm/prm/xrm","Игорь Крузе","CRM + PRM. Админство /   CRM.MongoDb"
"sc-lux99-x-test-crmcj-mongo-2","crm/prm/xrm","Игорь Крузе","CRM + PRM. Админство /   CRM.MongoDb"
"sc-lux99-x-test-crmcj-mongo-3","crm/prm/xrm","Игорь Крузе","CRM + PRM. Админство /   CRM.MongoDb"
"sc-lux99-x-test-mprm-mongo-1","crm/prm/xrm","Игорь Крузе","CRM + PRM. Админство /   CRM.MongoDb"
"sc-lux99-x-test-mprm-mongo-2","crm/prm/xrm","Игорь Крузе","CRM + PRM. Админство /   CRM.MongoDb"
"sc-lux99-x-test-mprm-mongo-3","crm/prm/xrm","Игорь Крузе","CRM + PRM. Админство /   CRM.MongoDb"
"sc-lux99-xmr-test-players-mongo-1","crm/prm/xrm","Игорь Крузе","CRM + PRM. Админство /   CRM.MongoDb"
"sc-ams99-crm-prod-customer-mongo-1","crm/prm/xrm","Игорь Крузе","CRM + PRM. Админство /   CRM.MongoDb"
"sc-ams99-crm-prod-customer-mongo-2","crm/prm/xrm","Игорь Крузе","CRM + PRM. Админство /   CRM.MongoDb"
"sc-ams99-crm-prod-customer-mongo-3","crm/prm/xrm","Игорь Крузе","CRM + PRM. Админство /   CRM.MongoDb"
"sc-ams99-x-prod-march-mongo-1","Mathematics","Махнев Дмитрий","Вопросы по MongoDB"
"sc-ams99-x-prod-march-mongo-2","Mathematics","Махнев Дмитрий","Вопросы по MongoDB"
"sc-ams99-x-prod-march-mongo-3","Mathematics","Махнев Дмитрий","Вопросы по MongoDB"
"sc-ams99-x-prod-mathmembership-mongo-1","Mathematics","Махнев Дмитрий","Вопросы по MongoDB"
"sc-ams99-x-prod-mathmembership-mongo-2","Mathematics","Махнев Дмитрий","Вопросы по MongoDB"
"sc-ams99-x-prod-mathmembership-mongo-3","Mathematics","Махнев Дмитрий","Вопросы по MongoDB"
"sc-ams99-x-prod-mathmembership-mongo-4","Mathematics","Махнев Дмитрий","Вопросы по MongoDB"
"sc-ams99-x-prod-mathmembership-mongo-5","Mathematics","Махнев Дмитрий","Вопросы по MongoDB"
"ams-msportrobot1","Mathematics","Махнев Дмитрий","Вопросы по MongoDB"
"ams-msportrobot2","Mathematics","Махнев Дмитрий","Вопросы по MongoDB"
"ams-msportrobot3","Mathematics","Махнев Дмитрий","Вопросы по MongoDB"
"sc-ams99-x-prod-cashoutarh-mongo-1","Mathematics","Махнев Дмитрий","Вопросы по MongoDB"
"sc-ams99-x-prod-cashoutarh-mongo-2","Mathematics","Махнев Дмитрий","Вопросы по MongoDB"
"sc-ams99-x-prod-cashoutarh-mongo-3","Mathematics","Махнев Дмитрий","Вопросы по MongoDB"
"sc-ams99-x-prod-mregionalarchive-mongo-1","Mathematics","Махнев Дмитрий","Вопросы по MongoDB"
"sc-ams99-x-prod-mregionalarchive-mongo-2","Mathematics","Махнев Дмитрий","Вопросы по MongoDB"
"sc-ams99-x-prod-mregionalarchive-mongo-3","Mathematics","Махнев Дмитрий","Вопросы по MongoDB"
"ams-mweather1","Парсеры погода","Евгений Трегубенко","Вопросы по MongoDB"
"ams-mweather2","Парсеры погода","Евгений Трегубенко","Вопросы по MongoDB"
"ams-mweather3","Парсеры погода","Евгений Трегубенко","Вопросы по MongoDB"
"sc-lux99-x-test-mathmembership-mongo-1","Mathematics","Махнев Дмитрий","Вопросы по MongoDB"
"sc-lux99-x-test-mathmembership-mongo-2","Mathematics","Махнев Дмитрий","Вопросы по MongoDB"
"sc-lux99-x-test-mathmembership-mongo-3","Mathematics","Махнев Дмитрий","Вопросы по MongoDB"
"sc-lux99-x-test-mathmembership-mongo-4","Mathematics","Махнев Дмитрий","Вопросы по MongoDB"
"sc-lux99-x-test-mathmembership-mongo-5","Mathematics","Махнев Дмитрий","Вопросы по MongoDB"
"sc-lux99-x-test-msportrobot-mongo-1","Mathematics","Махнев Дмитрий","Вопросы по MongoDB"
"sc-lux99-x-test-msportrobot-mongo-2","Mathematics","Махнев Дмитрий","Вопросы по MongoDB"
"sc-lux99-x-test-msportrobot-mongo-3","Mathematics","Махнев Дмитрий","Вопросы по MongoDB"
"sc-lux99-x-test-cashoutarh-mongo-1","Mathematics","Махнев Дмитрий","Вопросы по MongoDB"
"sc-lux99-x-test-cashoutarh-mongo-2","Mathematics","Махнев Дмитрий","Вопросы по MongoDB"
"sc-lux99-x-test-cashoutarh-mongo-3","Mathematics","Махнев Дмитрий","Вопросы по MongoDB"
"sc-lux99-x-test-mciarch-mongo-1","Mathematics","Махнев Дмитрий","Вопросы по MongoDB"
"sc-lux99-x-test-mciarch-mongo-2","Mathematics","Махнев Дмитрий","Вопросы по MongoDB"
"sc-lux99-x-test-mciarch-mongo-3","Mathematics","Махнев Дмитрий","Вопросы по MongoDB"
"sc-ams99-x-prod-1xgames-mongo-1","1xgames","нет инфо!","1xGames Админство / XGames. Вопросы по MongoDb к Админам"
"sc-ams99-x-prod-1xgames-mongo-2","1xgames","нет инфо!","1xGames Админство / XGames. Вопросы по MongoDb к Админам"
"sc-ams99-x-prod-1xgames-mongo-3","1xgames","нет инфо!","1xGames Админство / XGames. Вопросы по MongoDb к Админам"
"sc-ams99-x-prod-1xgamesbdr-mongo-1","1xgames","нет инфо!","1xGames Админство / XGames. Вопросы по MongoDb к Админам"
"sc-ams99-x-prod-1xgamesbdr-mongo-2","1xgames","нет инфо!","1xGames Админство / XGames. Вопросы по MongoDb к Админам"
"sc-ams99-x-prod-1xgamesbdr-mongo-3","1xgames","нет инфо!","1xGames Админство / XGames. Вопросы по MongoDb к Админам"
"sc-ams99-x-prod-1xgamesdemo-mongo-1","1xgames","нет инфо!","1xGames Админство / XGames. Вопросы по MongoDb к Админам"
"sc-ams99-x-prod-1xgamesdemo-mongo-2","1xgames","нет инфо!","1xGames Админство / XGames. Вопросы по MongoDb к Админам"
"sc-ams99-x-prod-1xgamesdemo-mongo-3","1xgames","нет инфо!","1xGames Админство / XGames. Вопросы по MongoDb к Админам"
"sc-ams99-x-prod-1xgamesgermes-mongo-1","1xgames","нет инфо!","1xGames Админство / XGames. Вопросы по MongoDb к Админам"
"sc-ams99-x-prod-1xgamesgermes-mongo-2","1xgames","нет инфо!","1xGames Админство / XGames. Вопросы по MongoDb к Админам"
"sc-ams99-x-prod-1xgamesgermes-mongo-3","1xgames","нет инфо!","1xGames Админство / XGames. Вопросы по MongoDb к Админам"
"sc-ams99-x-prod-1xgamesquest-mongo-1","1xgames","нет инфо!","1xGames Админство / XGames. Вопросы по MongoDb к Админам"
"sc-ams99-x-prod-1xgamesquest-mongo-2","1xgames","нет инфо!","1xGames Админство / XGames. Вопросы по MongoDb к Админам"
"sc-ams99-x-prod-1xgamesquest-mongo-3","1xgames","нет инфо!","1xGames Админство / XGames. Вопросы по MongoDb к Админам"
"sc-ams99-x-prod-1xGamesSale-mongo-1","1xgames","нет инфо!","1xGames Админство / XGames. Вопросы по MongoDb к Админам"
"sc-ams99-x-prod-1xGamesSale-mongo-2","1xgames","нет инфо!","1xGames Админство / XGames. Вопросы по MongoDb к Админам"
"sc-ams99-x-prod-1xGamesSale-mongo-3","1xgames","нет инфо!","1xGames Админство / XGames. Вопросы по MongoDb к Админам"
"sc-ams99-x-prod-1xgamessolitaire-mongo-1","1xgames","нет инфо!","1xGames Админство / XGames. Вопросы по MongoDb к Админам"
"sc-ams99-x-prod-1xgamessolitaire-mongo-2","1xgames","нет инфо!","1xGames Админство / XGames. Вопросы по MongoDb к Админам"
"sc-ams99-x-prod-1xgamessolitaire-mongo-3","1xgames","нет инфо!","1xGames Админство / XGames. Вопросы по MongoDb к Админам"
"sc-ams99-x-prod-1xgamesthree-mongo-1","1xgames","нет инфо!","1xGames Админство / XGames. Вопросы по MongoDb к Админам"
"sc-ams99-x-prod-1xgamesthree-mongo-2","1xgames","нет инфо!","1xGames Админство / XGames. Вопросы по MongoDb к Админам"
"sc-ams99-x-prod-1xgamesthree-mongo-3","1xgames","нет инфо!","1xGames Админство / XGames. Вопросы по MongoDb к Админам"
"sc-ams99-x-prod-1xgamestwo-mongo-1","1xgames","нет инфо!","1xGames Админство / XGames. Вопросы по MongoDb к Админам"
"sc-ams99-x-prod-1xgamestwo-mongo-2","1xgames","нет инфо!","1xGames Админство / XGames. Вопросы по MongoDb к Админам"
"sc-ams99-x-prod-1xgamestwo-mongo-3","1xgames","нет инфо!","1xGames Админство / XGames. Вопросы по MongoDb к Админам"
"sc-ams99-x-prod-muserpromotion-mongo-1","1xgames","нет инфо!","1xGames Админство / XGames. Вопросы по MongoDb к Админам"
"sc-ams99-x-prod-muserpromotion-mongo-2","1xgames","нет инфо!","1xGames Админство / XGames. Вопросы по MongoDb к Админам"
"sc-ams99-x-prod-muserpromotion-mongo-3","1xgames","нет инфо!","1xGames Админство / XGames. Вопросы по MongoDb к Админам"
"sc-lux99-x-stage-1xGamesSale-mongo-1","1xgames","нет инфо!","1xGames Админство / XGames. Вопросы по MongoDb к Админам"
"sc-lux99-x-stage-1xGamesSale-mongo-2","1xgames","нет инфо!","1xGames Админство / XGames. Вопросы по MongoDb к Админам"
"sc-lux99-x-stage-1xGamesSale-mongo-3","1xgames","нет инфо!","1xGames Админство / XGames. Вопросы по MongoDb к Админам"
"sc-lux99-x-test-1xGames-mongo-1","1xgames","нет инфо!","1xGames Админство / XGames. Вопросы по MongoDb к Админам"
"sc-lux99-x-test-1xGames-mongo-2","1xgames","нет инфо!","1xGames Админство / XGames. Вопросы по MongoDb к Админам"
"sc-lux99-x-test-1xGames-mongo-3","1xgames","нет инфо!","1xGames Админство / XGames. Вопросы по MongoDb к Админам"
"sc-lux99-x-test-1xGamesDemo-mongo-1","1xgames","нет инфо!","1xGames Админство / XGames. Вопросы по MongoDb к Админам"
"sc-lux99-x-test-1xGamesDemo-mongo-2","1xgames","нет инфо!","1xGames Админство / XGames. Вопросы по MongoDb к Админам"
"sc-lux99-x-test-1xGamesDemo-mongo-3","1xgames","нет инфо!","1xGames Админство / XGames. Вопросы по MongoDb к Админам"
"sc-lux99-x-test-1xgamesrnd-mongo-1","1xgames","нет инфо!","1xGames Админство / XGames. Вопросы по MongoDb к Админам"
"sc-lux99-x-test-1xgamesrnd-mongo-2","1xgames","нет инфо!","1xGames Админство / XGames. Вопросы по MongoDb к Админам"
"sc-lux99-x-test-1xgamesrnd-mongo-3","1xgames","нет инфо!","1xGames Админство / XGames. Вопросы по MongoDb к Админам"
"sc-lux99-x-test-1xGamesSale-mongo-1","1xgames","нет инфо!","1xGames Админство / XGames. Вопросы по MongoDb к Админам"
"sc-lux99-x-test-1xGamesSale-mongo-2","1xgames","нет инфо!","1xGames Админство / XGames. Вопросы по MongoDb к Админам"
"sc-lux99-x-test-1xGamesSale-mongo-3","1xgames","нет инфо!","1xGames Админство / XGames. Вопросы по MongoDb к Админам"
"sc-ams99-x-prod-stat-mongo-1","Статистика","Вавина Марина","Статистика - Админство"
"sc-ams99-x-prod-stat-mongo-2","Статистика","Вавина Марина","Статистика - Админство"
"sc-ams99-x-prod-stat-mongo-3","Статистика","Вавина Марина","Статистика - Админство"
"sc-ams99-x-prod-stat-mongo-4","Статистика","Вавина Марина","Статистика - Админство"
"sc-ams99-x-prod-stat-mongo-5","Статистика","Вавина Марина","Статистика - Админство"
"sc-ams99-x-prod-stat-mongo-6","Статистика","Вавина Марина","Статистика - Админство"
"sc-ams99-x-prod-stat-mongo-7","Статистика","Вавина Марина","Статистика - Админство"
"sc-ams99-x-prod-stat-mongo-8","Статистика","Вавина Марина","Статистика - Админство"
"sc-ams99-x-prod-stat-mongo-9","Статистика","Вавина Марина","Статистика - Админство"
"sc-lux99-x-test-stat-mongo-1","Статистика","Вавина Марина","Статистика - Админство"
"sc-lux99-x-test-stat-mongo-2","Статистика","Вавина Марина","Статистика - Админство"
"sc-lux99-x-test-stat-mongo-3","Статистика","Вавина Марина","Статистика - Админство"
"sc-ams99-x-prod-b2bfeed-mongo-1","B2B регионалка","Максим Петров","Вопросы по MongoDb"
"sc-ams99-x-prod-b2bfeed-mongo-2","B2B регионалка","Максим Петров","Вопросы по MongoDb"
"sc-ams99-x-prod-b2bfeed-mongo-3","B2B регионалка","Максим Петров","Вопросы по MongoDb"
"sc-ams99-x-prod-feed-mongo-1","Feeds Нотификации","Максим Терешин","Фиды - Админство"
"sc-ams99-x-prod-feed-mongo-2","Feeds Нотификации","Максим Терешин","Фиды - Админство"
"sc-ams99-x-prod-feed-mongo-3","Feeds Нотификации","Максим Терешин","Фиды - Админство"
"sc-ams99-x-prod-feedgameresults-mongo-1","Feeds Результаты","Дмитрий Щербаков","Фиды - Админство"
"sc-ams99-x-prod-feedgameresults-mongo-2","Feeds Результаты","Дмитрий Щербаков","Фиды - Админство"
"sc-ams99-x-prod-feedgameresults-mongo-3","Feeds Результаты","Дмитрий Щербаков","Фиды - Админство"
"sc-ams99-x-prod-mfeeds-mongo-1","Feeds Кэша фидов и настройки","Дмитрий Щербаков","Фиды - Админство"
"sc-ams99-x-prod-mfeeds-mongo-2","Feeds Кэша фидов и настройки","Дмитрий Щербаков","Фиды - Админство"
"sc-ams99-x-prod-mfeeds-mongo-3","Feeds Кэша фидов и настройки","Дмитрий Щербаков","Фиды - Админство"
"sc-ams99-x-prod-secure-mongo-1","Feeds Аутентификация","Дмитрий Зарубин","Фиды - Админство"
"sc-ams99-x-prod-secure-mongo-2","Feeds Аутентификация","Дмитрий Зарубин","Фиды - Админство"
"sc-ams99-x-prod-secure-mongo-3","Feeds Аутентификация","Дмитрий Зарубин","Фиды - Админство"
"sc-ams99-x-prod-mservices-mongo-1","Feeds Сборная солянка","Щербаков Дмитрий","Фиды - Админство"
"sc-ams99-x-prod-mservices-mongo-2","Feeds Сборная солянка","Щербаков Дмитрий","Фиды - Админство"
"sc-ams99-x-prod-mservices-mongo-3","Feeds Сборная солянка","Щербаков Дмитрий","Фиды - Админство"
"sc-lux99-x-test-b2bfeed-mongo-1","B2B регионалка","Максим Петров","Вопросы по MongoDb"
"sc-lux99-x-test-b2bfeed-mongo-2","B2B регионалка","Максим Петров","Вопросы по MongoDb"
"sc-lux99-x-test-b2bfeed-mongo-3","B2B регионалка","Максим Петров","Вопросы по MongoDb"
"sc-lux99-x-test-feedgameresults-mongo-1","Feeds Результаты","Дмитрий Щербаков","Фиды - Админство"
"sc-lux99-x-test-feedgameresults-mongo-2","Feeds Результаты","Дмитрий Щербаков","Фиды - Админство"
"sc-lux99-x-test-feedgameresults-mongo-3","Feeds Результаты","Дмитрий Щербаков","Фиды - Админство"
"sc-lux99-x-test-feedmes-mongo-1","Feeds Нотификации","Максим Терешин","Фиды - Админство"
"sc-lux99-x-test-feedmes-mongo-2","Feeds Нотификации","Максим Терешин","Фиды - Админство"
"sc-lux99-x-test-feedmes-mongo-3","Feeds Нотификации","Максим Терешин","Фиды - Админство"
"sc-lux99-x-test-feeds-mongo-1","Feeds Кэша фидов и настройки","Дмитрий Щербаков","Фиды - Админство"
"sc-lux99-x-test-feeds-mongo-2","Feeds Кэша фидов и настройки","Дмитрий Щербаков","Фиды - Админство"
"sc-lux99-x-test-feeds-mongo-3","Feeds Кэша фидов и настройки","Дмитрий Щербаков","Фиды - Админство"
"sc-lux99-x-test-msecure-mongo-1","Feeds Аутентификация","Дмитрий Зарубин","Фиды - Админство"
"sc-lux99-x-test-msecure-mongo-2","Feeds Аутентификация","Дмитрий Зарубин","Фиды - Админство"
"sc-lux99-x-test-msecure-mongo-3","Feeds Аутентификация","Дмитрий Зарубин","Фиды - Админство"
"sc-lux99-x-test-mservices-mongo-1","Feeds Сборная солянка","Щербаков Дмитрий","Фиды - Админство"
"sc-lux99-x-test-mservices-mongo-2","Feeds Сборная солянка","Щербаков Дмитрий","Фиды - Админство"
"sc-lux99-x-test-mservices-mongo-3","Feeds Сборная солянка","Щербаков Дмитрий","Фиды - Админство"
"sc-ams99-x-prod-raschet-mongo-1","Расчет ставок","Максим Войновский","Расчет - Админство"
"sc-ams99-x-prod-raschet-mongo-2","Расчет ставок","Максим Войновский","Расчет - Админство"
"sc-ams99-x-prod-raschet-mongo-3","Расчет ставок","Максим Войновский","Расчет - Админство"
"sc-ams99-x-prod-raschet-mongo-4","Расчет ставок","Максим Войновский","Расчет - Админство"
"sc-ams99-x-prod-raschet-mongo-5","Расчет ставок","Максим Войновский","Расчет - Админство"
"sc-lux99-x-test-raschet-mongo-1","Расчет ставок","Максим Войновский","Расчет - Админство"
"sc-lux99-x-test-raschet-mongo-2","Расчет ставок","Максим Войновский","Расчет - Админство"
"sc-lux99-x-test-raschet-mongo-3","Расчет ставок","Максим Войновский","Расчет - Админство"
"sc-ams99-x-prod-betintegration-mongo-1","BetIntegration","Александр Сидоров","Вопросы по MongoDB"
"sc-ams99-x-prod-betintegration-mongo-2","BetIntegration","Александр Сидоров","Вопросы по MongoDB"
"sc-ams99-x-prod-betintegration-mongo-3","BetIntegration","Александр Сидоров","Вопросы по MongoDB"
"sc-ams99-x-prod-casino-mongo-1","Integration","нет инфо!","Вопросы по MongoDB"
"sc-ams99-x-prod-casino-mongo-2","Integration","нет инфо!","Вопросы по MongoDB"
"sc-ams99-x-prod-casino-mongo-3","Integration","нет инфо!","Вопросы по MongoDB"
"sc-lux99-x-test-betintegration-mongo-1","BetIntegration","Александр Сидоров","Вопросы по MongoDB"
"sc-lux99-x-test-betintegration-mongo-2","BetIntegration","Александр Сидоров","Вопросы по MongoDB"
"sc-lux99-x-test-betintegration-mongo-3","BetIntegration","Александр Сидоров","Вопросы по MongoDB"
"sc-lux99-x-test-casino-mongo-1","Integration","нет инфо!","Вопросы по MongoDB"
"sc-lux99-x-test-casino-mongo-2","Integration","нет инфо!","Вопросы по MongoDB"
"sc-lux99-x-test-casino-mongo-3","Integration","нет инфо!","Вопросы по MongoDB"
"sc-ams99-x-prod-parsers-mongo-1","Парсеры","Евгений Трегубенко","Парсеры - Админство"
"sc-ams99-x-prod-parsers-mongo-2","Парсеры","Евгений Трегубенко","Парсеры - Админство"
"sc-ams99-x-prod-parsers-mongo-3","Парсеры","Евгений Трегубенко","Парсеры - Админство"
"sc-lux99-x-test-parsers-mongo-1","Парсеры","Евгений Трегубенко","Парсеры - Админство"
"sc-lux99-x-test-parsers-mongo-2","Парсеры","Евгений Трегубенко","Парсеры - Админство"
"sc-lux99-x-test-parsers-mongo-3","Парсеры","Евгений Трегубенко","Парсеры - Админство"
"sc-lux99-x-prod-wplan-mongo-1","wplan","нет инфо!","Админство wplan"
"sc-lux99-x-prod-wplan-mongo-2","wplan","нет инфо!","Админство wplan"
"sc-lux99-x-prod-wplan-mongo-3","wplan","нет инфо!","Админство wplan"
"sc-ams99-x-prod-msync-mongo-1","Синхронизация окружений","Максим Петров","Вопросы по MongoDB"
"sc-ams99-x-prod-msync-mongo-2","Синхронизация окружений","Максим Петров","Вопросы по MongoDB"
"sc-ams99-x-prod-msync-mongo-3","Синхронизация окружений","Максим Петров","Вопросы по MongoDB"
"sc-ams99-x-prod-challhighs-mongo-1","Челлендж Хайлайтс","Максим Петров","Вопросы по MongoDB"
"sc-ams99-x-prod-challhighs-mongo-2","Челлендж Хайлайтс","Максим Петров","Вопросы по MongoDB"
"sc-ams99-x-prod-challhighs-mongo-3","Челлендж Хайлайтс","Максим Петров","Вопросы по MongoDB"
"sc-ams99-x-prod-minfrastructure-mongo-1","Betting Infrastructure","Максим Петров","Вопросы по MongoDB"
"sc-ams99-x-prod-minfrastructure-mongo-2","Betting Infrastructure","Максим Петров","Вопросы по MongoDB"
"sc-ams99-x-prod-minfrastructure-mongo-3","Betting Infrastructure","Максим Петров","Вопросы по MongoDB"
"sc-lux99-x-test-challhighs-mongo-1","Челлендж Хайлайтс","Максим Петров","Вопросы по MongoDB"
"sc-lux99-x-test-challhighs-mongo-2","Челлендж Хайлайтс","Максим Петров","Вопросы по MongoDB"
"sc-lux99-x-test-challhighs-mongo-3","Челлендж Хайлайтс","Максим Петров","Вопросы по MongoDB"
"sc-lux99-x-test-minfrastructure-mongo-1","Betting Infrastructure","Максим Петров","Вопросы по MongoDB"
"sc-lux99-x-test-minfrastructure-mongo-2","Betting Infrastructure","Максим Петров","Вопросы по MongoDB"
"sc-lux99-x-test-minfrastructure-mongo-3","Betting Infrastructure","Максим Петров","Вопросы по MongoDB"
"sc-ams99-x-prod-mfinbet-mongo-1","ФинСтавки","Лазаренко Дмитрий","Вопросы по MongoDB"
"sc-ams99-x-prod-mfinbet-mongo-2","ФинСтавки","Лазаренко Дмитрий","Вопросы по MongoDB"
"sc-ams99-x-prod-mfinbet-mongo-3","ФинСтавки","Лазаренко Дмитрий","Вопросы по MongoDB"
"sc-ams99-x-prod-mwcl-mongo-1","разное частное","Скорей всего винклиент - Сергей Бакурей","Вопросы по MongoDB"
"sc-ams99-x-prod-mwcl-mongo-2","разное частное","Скорей всего винклиент - Сергей Бакурей","Вопросы по MongoDB"
"sc-ams99-x-prod-mwcl-mongo-3","разное частное","Скорей всего винклиент - Сергей Бакурей","Вопросы по MongoDB"
"sc-lux99-x-test-mwcl-mongo-1","разное частное","Скорей всего винклиент - Сергей Бакурей","Вопросы по MongoDB"
"sc-lux99-x-test-mwcl-mongo-2","разное частное","Скорей всего винклиент - Сергей Бакурей","Вопросы по MongoDB"
"sc-lux99-x-test-mwcl-mongo-3","разное частное","Скорей всего винклиент - Сергей Бакурей","Вопросы по MongoDB"
"sc-ams99-x-prod-lim-mongo-1","разное частное","Олег Лемзяков","Вопросы по MongoDB"
"sc-ams99-x-prod-lim-mongo-2","разное частное","Олег Лемзяков","Вопросы по MongoDB"
"sc-ams99-x-prod-lim-mongo-3","разное частное","Олег Лемзяков","Вопросы по MongoDB"
"sc-lux99-x-test-lim-mongo-1","разное частное","Олег Лемзяков","Вопросы по MongoDB"
"sc-lux99-x-test-lim-mongo-2","разное частное","Олег Лемзяков","Вопросы по MongoDB"
"sc-lux99-x-test-lim-mongo-3","разное частное","Олег Лемзяков","Вопросы по MongoDB"
"sc-lux99-x-test-chistov-mongo-1","разное частное","Чистов Игорь","mongo (slack)"
"sc-lux99-x-test-chistov-mongo-2","разное частное","Чистов Игорь","mongo (slack)"
"sc-lux99-x-test-chistov-mongo-3","разное частное","Чистов Игорь","mongo (slack)"
"sc-lux99-x-test-chistov2-mongo-1","разное частное","Чистов Игорь","mongo (slack)"
"sc-lux99-x-test-chistov2-mongo-2","разное частное","Чистов Игорь","mongo (slack)"
"sc-lux99-x-test-chistov2-mongo-3","разное частное","Чистов Игорь","mongo (slack)"
"sc-lux99-x-test-elonmusk-mongo-1","разное частное","Владислав Камшуков","Вопросы по MongoDB"
"sc-lux99-x-test-elonmusk-mongo-2","разное частное","Владислав Камшуков","Вопросы по MongoDB"
"sc-lux99-x-test-elonmusk-mongo-3","разное частное","Владислав Камшуков","Вопросы по MongoDB"
"sc-lux99-x-test-mongos-mongo-1","разное частное","Infra team","Вопросы по MongoDB"
"sc-lux99-x-test-mongos-mongo-2","разное частное","Infra team","Вопросы по MongoDB"
"sc-lux99-x-test-cfg-mongo-1","разное частное","нет инфо!","Вопросы по MongoDB"
"sc-lux99-x-test-cfg-mongo-2","разное частное","нет инфо!","Вопросы по MongoDB"
"sc-lux99-x-test-cfg-mongo-3","разное частное","нет инфо!","Вопросы по MongoDB"
"sc-lux99-x-test-shard1-mongo-1","разное частное","нет инфо!","Вопросы по MongoDB"
"sc-lux99-x-test-shard1-mongo-2","разное частное","нет инфо!","Вопросы по MongoDB"
"sc-lux99-x-test-shard1-mongo-3","разное частное","нет инфо!","Вопросы по MongoDB"
"sc-lux99-x-test-shard2-mongo-1","разное частное","нет инфо!","Вопросы по MongoDB"
"sc-lux99-x-test-shard2-mongo-2","разное частное","нет инфо!","Вопросы по MongoDB"
"sc-lux99-x-test-shard2-mongo-3","разное частное","нет инфо!","Вопросы по MongoDB"
"sc-lux99-x-test-shard3-mongo-1","разное частное","нет инфо!","Вопросы по MongoDB"
"sc-lux99-x-test-shard3-mongo-2","разное частное","нет инфо!","Вопросы по MongoDB"
"sc-lux99-x-test-shard3-mongo-3","разное частное","нет инфо!","Вопросы по MongoDB"
"sc-ams99-x-prod-backcs-mongo-1","разное частное","нет инфо!","Вопросы по MongoDB"
"sc-ams99-x-prod-backcs-mongo-2","разное частное","нет инфо!","Вопросы по MongoDB"
"sc-ams99-x-prod-backcs-mongo-3","разное частное","нет инфо!","Вопросы по MongoDB"
"sc-lux99-x-test-clisoft-mongo-1","Back Office","Евгений Надобный","Вопросы по MongoDB"
"sc-lux99-x-test-clisoft-mongo-2","Back Office","Евгений Надобный","Вопросы по MongoDB"
"sc-lux99-x-test-clisoft-mongo-3","Back Office","Евгений Надобный","Вопросы по MongoDB"
"sc-ams99-x-prod-bcs2-mongo-1","разное частное","нет инфо!","Вопросы по MongoDB"
"sc-ams99-x-prod-bcs2-mongo-2","разное частное","нет инфо!","Вопросы по MongoDB"
"sc-ams99-x-prod-bcs2-mongo-3","разное частное","нет инфо!","Вопросы по MongoDB"
"sc-ams99-x-prod-cmsapi-mongo-1","CMS","нет инфо! Павел Кузнецов / Евгений Юркин / Артур Ким","Вопросы по MongoDB"
"sc-ams99-x-prod-cmsapi-mongo-2","CMS","нет инфо! Павел Кузнецов / Евгений Юркин / Артур Ким","Вопросы по MongoDB"
"sc-ams99-x-prod-cmsapi-mongo-3","CMS","нет инфо! Павел Кузнецов / Евгений Юркин / Артур Ким","Вопросы по MongoDB"
"sc-lux99-x-test-mcms-mongo-1","CMS","нет инфо! Павел Кузнецов / Евгений Юркин / Артур Ким","Вопросы по MongoDB"
"sc-lux99-x-test-mcms-mongo-2","CMS","нет инфо! Павел Кузнецов / Евгений Юркин / Артур Ким","Вопросы по MongoDB"
"sc-lux99-x-test-mcms-mongo-3","CMS","нет инфо! Павел Кузнецов / Евгений Юркин / Артур Ким","Вопросы по MongoDB"
"sc-ams99-x-prod-dbaggregator-mongo-1","DBAggregator","Солдаткин Юрий/Курбатов Алексей","Вопросы по MongoDB"
"sc-ams99-x-prod-dbaggregator-mongo-2","DBAggregator","Солдаткин Юрий/Курбатов Алексей","Вопросы по MongoDB"
"sc-ams99-x-prod-dbaggregator-mongo-3","DBAggregator","Солдаткин Юрий/Курбатов Алексей","Вопросы по MongoDB"
"sc-lux99-x-test-dbaggregator-mongo-1","DBAggregator","Солдаткин Юрий/Курбатов Алексей","Вопросы по MongoDB"
"sc-lux99-x-test-dbaggregator-mongo-2","DBAggregator","Солдаткин Юрий/Курбатов Алексей","Вопросы по MongoDB"
"sc-lux99-x-test-dbaggregator-mongo-3","DBAggregator","Солдаткин Юрий/Курбатов Алексей","Вопросы по MongoDB"
"sc-ams99-x-prod-mcoins-mongo-1","SocialBookmaker / WebAdminka","Тимченко Александр / Федчук Сергей","Вопросы по MongoDB"
"sc-ams99-x-prod-mcoins-mongo-2","SocialBookmaker / WebAdminka","Тимченко Александр / Федчук Сергей","Вопросы по MongoDB"
"sc-ams99-x-prod-mcoins-mongo-3","SocialBookmaker / WebAdminka","Тимченко Александр / Федчук Сергей","Вопросы по MongoDB"
"sc-ams99-x-prod-mdocker-mongo-1","разное частное","нет инфо!","Вопросы по MongoDB"
"sc-ams99-x-prod-mdocker-mongo-2","разное частное","нет инфо!","Вопросы по MongoDB"
"sc-ams99-x-prod-mdocker-mongo-3","разное частное","нет инфо!","Вопросы по MongoDB"
"sc-lux99-x-test-mdocker-mongo-1","разное частное","нет инфо!","Вопросы по MongoDB"
"sc-lux99-x-test-mdocker-mongo-2","разное частное","нет инфо!","Вопросы по MongoDB"
"sc-lux99-x-test-mdocker-mongo-3","разное частное","нет инфо!","Вопросы по MongoDB"
"sc-ams99-x-prod-mlbet-mongo-1","MlBet","Сабиров Сергей","Вопросы по MongoDB"
"sc-ams99-x-prod-mlbet-mongo-2","MlBet","Сабиров Сергей","Вопросы по MongoDB"
"sc-ams99-x-prod-mlbet-mongo-3","MlBet","Сабиров Сергей","Вопросы по MongoDB"
"sc-lux99-x-test-mlbet-mongo-1","MlBet","Сабиров Сергей","Вопросы по MongoDB"
"sc-lux99-x-test-mlbet-mongo-2","MlBet","Сабиров Сергей","Вопросы по MongoDB"
"sc-lux99-x-test-mlbet-mongo-3","MlBet","Сабиров Сергей","Вопросы по MongoDB"
"sc-ams99-x-prod-ovb-mongo-1","разное частное","нет инфо!","Вопросы по MongoDB"
"sc-ams99-x-prod-ovb-mongo-2","разное частное","нет инфо!","Вопросы по MongoDB"
"sc-ams99-x-prod-ovb-mongo-3","разное частное","нет инфо!","Вопросы по MongoDB"
"sc-lux99-x-test-loqos-mongo-1","разное частное","нет инфо!","Вопросы по MongoDB"
"sc-lux99-x-test-loqos-mongo-2","разное частное","нет инфо!","Вопросы по MongoDB"
"sc-lux99-x-test-loqos-mongo-3","разное частное","нет инфо!","Вопросы по MongoDB"
"sc-ams99-x-prod-pay-mongo-1","1xPay"," нет инфо! Егор Коробов ? ","Вопросы по MongoDB"
"sc-ams99-x-prod-pay-mongo-2","1xPay"," нет инфо! Егор Коробов ? ","Вопросы по MongoDB"
"sc-ams99-x-prod-pay-mongo-3","1xPay"," нет инфо! Егор Коробов ? ","Вопросы по MongoDB"
"sc-lux99-x-test-pay-mongo-1","1xPay"," нет инфо! Егор Коробов ? ","Вопросы по MongoDB"
"sc-lux99-x-test-pay-mongo-2","1xPay"," нет инфо! Егор Коробов ? ","Вопросы по MongoDB"
"sc-lux99-x-test-pay-mongo-3","1xPay"," нет инфо! Егор Коробов ? ","Вопросы по MongoDB"
"sc-ams99-x-prod-seo-mongo-1","разное частное","нет инфо!","Вопросы по MongoDB"
"sc-ams99-x-prod-seo-mongo-2","разное частное","нет инфо!","Вопросы по MongoDB"
"sc-ams99-x-prod-seo-mongo-3","разное частное","нет инфо!","Вопросы по MongoDB"
"sc-ams99-x-prod-ytmetrics-mongo-1","разное частное","нет инфо!","Вопросы по MongoDB"
"sc-ams99-x-prod-ytmetrics-mongo-2","разное частное","нет инфо!","Вопросы по MongoDB"
"sc-ams99-x-prod-ytmetrics-mongo-3","разное частное","нет инфо!","Вопросы по MongoDB"
"sc-ams99-x-prod-backsec-mongo-1","Back Office","Дмитрий Зарубин","Вопросы по MongoDB"
"sc-ams99-x-prod-backsec-mongo-2","Back Office","Дмитрий Зарубин","Вопросы по MongoDB"
"sc-ams99-x-prod-backsec-mongo-3","Back Office","Дмитрий Зарубин","Вопросы по MongoDB"
"sc-lux99-x-test-backsec-mongo-1","Back Office","Дмитрий Зарубин","Вопросы по MongoDB"
"sc-lux99-x-test-backsec-mongo-2","Back Office","Дмитрий Зарубин","Вопросы по MongoDB"
"sc-lux99-x-test-backsec-mongo-3","Back Office","Дмитрий Зарубин","Вопросы по MongoDB"
"","","",""